it,instant,local_optimum_value
0,0.0,20379.0
1,2.186244010925293,19517.0
2,3.317535877227783,19517.0
3,4.4728381633758545,19517.0
4,5.563349962234497,19517.0
5,6.716804027557373,19517.0
6,7.859545946121216,19517.0
7,8.9948570728302,19517.0
8,9.982570171356201,19517.0
9,11.122168064117432,19517.0
10,12.007322072982788,19517.0
11,13.128578901290894,19517.0
12,14.247642040252686,19517.0
13,15.3840811252594,19517.0
