it,instant,local_optimum_value
0,0.0,52300.0
1,0.36391210556030273,50000.0
2,0.8532321453094482,50000.0
3,0.9730772972106934,50000.0
4,12.845932006835938,50000.0
5,14.153576135635376,46300.0
6,15.116189002990723,44800.0
