it,instant,local_optimum_value
0,0.0,42200.0
1,8.12797212600708,34900.0
2,9.170805931091309,34900.0
3,11.561002969741821,34900.0
4,11.80783200263977,34800.0
5,12.942514896392822,34800.0
6,13.871892929077148,34800.0
7,15.610687017440796,33000.0
