it,instant,local_optimum_value
0,0.0,52214.0
1,4.908159971237183,50725.0
2,7.906197547912598,50725.0
3,11.654309749603271,49504.0
4,15.009069681167603,49504.0
