it,instant,local_optimum_value
0,0.0,20379.0
1,2.1433610916137695,19517.0
2,3.274148941040039,19517.0
3,4.419257164001465,19517.0
4,5.50303316116333,19517.0
5,6.655706882476807,19517.0
6,7.793004035949707,19517.0
7,8.780745029449463,19517.0
8,9.338155031204224,19517.0
9,9.456782102584839,19517.0
10,16.644104957580566,19517.0
