it,instant,local_optimum_value
0,0.0,52214.0
1,5.64594292640686,50787.0
2,9.053335905075073,50787.0
3,12.23220181465149,50787.0
4,15.451117992401123,50787.0
