it,instant,local_optimum_value
0,0.0,20379.0
1,4.023478984832764,18091.0
2,5.374741792678833,18091.0
3,6.590632915496826,18091.0
4,7.821562051773071,18091.0
5,8.911796808242798,18091.0
6,10.02068281173706,18091.0
7,11.096534967422485,18091.0
8,12.448296785354614,18091.0
9,13.650604963302612,18091.0
10,14.746079921722412,18091.0
11,16.13503670692444,18091.0
