it,instant,local_optimum_value
0,0.0,42200.0
1,8.422927856445312,34900.0
2,9.111123085021973,34900.0
3,9.593822956085205,34800.0
4,11.011406898498535,34800.0
5,11.92900800704956,34800.0
6,12.295395135879517,34800.0
7,13.540510892868042,34800.0
8,14.616058826446533,34800.0
9,15.808421850204468,34800.0
