it,instant,local_optimum_value
0,0.0,42200.0
1,9.814685821533203,34900.0
2,11.250400066375732,34900.0
3,12.65247106552124,34900.0
4,13.13312292098999,34800.0
5,15.197046995162964,33000.0
