it,instant,local_optimum_value
0,0.0,49843.0
1,2.184095859527588,47063.0
2,2.307553768157959,47063.0
3,2.424919605255127,47063.0
4,13.77975082397461,47063.0
5,14.550098896026611,47063.0
6,14.669557809829712,47063.0
7,14.787683725357056,47063.0
8,26.026233673095703,47063.0
