it,instant,local_optimum_value
0,0.0,176553.0
1,11.368211030960083,176553.0
2,20.72024703025818,175897.0
3,27.77513313293457,175842.0
4,37.63748598098755,175842.0
5,147.70183992385864,175444.0
6,161.99254703521729,175444.0
7,176.79972195625305,175444.0
8,286.28397393226624,169860.0
9,483.5935389995575,169860.0
10,485.40929794311523,169860.0
11,6449.0538420677185,169860.0
