it,instant,local_optimum_value
0,0.0,20379.0
1,2.5028488636016846,19517.0
2,2.943190813064575,19517.0
3,3.064990758895874,19517.0
4,10.37796688079834,19517.0
5,11.492111921310425,19517.0
6,12.64348292350769,19517.0
7,13.921875953674316,19517.0
8,15.050062894821167,19517.0
