it,instant,local_optimum_value
0,0.0,25159.0
1,3.2957923412323,21783.0
2,4.439258098602295,21783.0
3,5.591308116912842,21783.0
4,6.679357290267944,21783.0
5,7.934319257736206,21783.0
6,9.03775930404663,21783.0
7,10.12577509880066,21783.0
8,11.284686088562012,21783.0
9,12.283993244171143,21783.0
10,13.370635032653809,21783.0
11,14.467310190200806,21783.0
12,16.205788373947144,21705.0
