it,instant,local_optimum_value
0,0.0,40510.0
1,0.11950206756591797,40510.0
2,0.2349381446838379,40510.0
3,23.97284507751465,40510.0
