it,instant,local_optimum_value
0,0.0,52300.0
1,0.9385337829589844,45600.0
2,1.2938239574432373,45600.0
3,1.4117827415466309,45600.0
4,13.08044981956482,45600.0
5,14.349063873291016,45300.0
6,14.707428693771362,45300.0
7,15.324599742889404,45300.0
