it,instant,local_optimum_value
0,0.0,25159.0
1,3.382528066635132,22902.0
2,4.4731199741363525,22902.0
3,5.611274003982544,22902.0
4,6.750247955322266,22902.0
5,7.836780786514282,22902.0
6,8.920333862304688,22902.0
7,10.073915004730225,22902.0
8,11.56407880783081,22902.0
9,12.752961158752441,22902.0
10,13.907787799835205,22902.0
11,15.412000179290771,22718.0
