it,instant,local_optimum_value
0,0.0,52300.0
1,0.3679630756378174,50000.0
2,0.8670759201049805,50000.0
3,1.9001219272613525,45500.0
4,2.1304359436035156,45500.0
5,2.246616840362549,45500.0
6,13.094435930252075,45500.0
7,14.200724124908447,45100.0
8,14.43429684638977,45100.0
9,14.552963018417358,45100.0
10,26.112106800079346,45100.0
