it,instant,local_optimum_value
0,0.0,43800.0
1,3.357805013656616,41200.0
2,4.944519996643066,41200.0
3,6.179638147354126,41200.0
4,7.852673053741455,41200.0
5,10.463321208953857,41000.0
6,11.490422010421753,40500.0
7,12.787584066390991,40500.0
8,13.151419878005981,40500.0
9,14.049404859542847,40500.0
10,15.1948401927948,40500.0
