it,instant,local_optimum_value
0,0.0,91140.0
1,0.13049602508544922,91140.0
2,0.2470247745513916,91140.0
3,571.3154859542847,91140.0
4,600.7922670841217,88474.0
