it,instant,local_optimum_value
0,0.0,37800.0
1,2.398524045944214,33500.0
2,3.9592390060424805,33500.0
3,5.618376970291138,33500.0
4,6.688759088516235,33500.0
5,7.64178991317749,33500.0
6,8.498202800750732,33500.0
7,9.877731084823608,33500.0
8,10.393489837646484,33500.0
9,10.88118290901184,33500.0
10,12.077699899673462,33500.0
11,12.602051019668579,33500.0
12,13.062134981155396,33500.0
13,14.272142171859741,33500.0
14,15.13781189918518,33500.0
