it,instant,local_optimum_value
0,0.0,25159.0
1,3.755293846130371,21783.0
2,4.839461803436279,21783.0
3,5.983268737792969,21783.0
4,7.073922872543335,21783.0
5,8.214815855026245,21783.0
6,9.34751296043396,21783.0
7,10.455498933792114,21783.0
8,11.444569826126099,21783.0
9,12.523618936538696,21783.0
10,13.665646076202393,21783.0
11,15.138436794281006,21705.0
