it,instant,local_optimum_value
0,0.0,43800.0
1,3.73132586479187,38000.0
2,5.2289087772369385,38000.0
3,7.087751865386963,38000.0
4,8.910852909088135,38000.0
5,9.04574990272522,38000.0
6,20.61479687690735,38000.0
