it,instant,local_optimum_value
0,0.0,71664.0
1,1.5404877662658691,69225.0
2,2.4955780506134033,69225.0
3,3.0917880535125732,69225.0
4,3.777956962585449,68439.0
5,6.920175790786743,68439.0
6,7.608001947402954,68439.0
7,8.561253070831299,68439.0
8,9.37500786781311,68439.0
9,10.59421682357788,67874.0
10,11.658277034759521,67874.0
11,12.73354697227478,67874.0
12,13.105216026306152,67874.0
13,13.899061918258667,67730.0
14,14.900683879852295,67730.0
15,15.482319116592407,67730.0
