it,instant,local_optimum_value
0,0.0,25159.0
1,3.1601510047912598,21783.0
2,4.298129081726074,21783.0
3,5.437151908874512,21783.0
4,6.520601987838745,21783.0
5,7.614259243011475,21783.0
6,8.715696096420288,21783.0
7,9.884756088256836,21783.0
8,11.035237073898315,21783.0
9,12.022687911987305,21783.0
10,13.115509033203125,21783.0
11,14.102537155151367,21783.0
12,15.256328105926514,21783.0
