it,instant,local_optimum_value
0,0.0,25159.0
1,3.429331064224243,21783.0
2,4.571797132492065,21783.0
3,5.718116998672485,21783.0
4,6.853280067443848,21783.0
5,8.001079082489014,21783.0
6,9.131714105606079,21783.0
7,10.264408111572266,21783.0
8,11.41100811958313,21783.0
9,12.54774522781372,21783.0
10,13.526560068130493,21783.0
11,14.50501799583435,21783.0
12,15.481555938720703,21783.0
