it,instant,local_optimum_value
0,0.0,40510.0
1,0.1200418472290039,40510.0
2,0.23599624633789062,40510.0
3,22.684056043624878,40510.0
