it,instant,local_optimum_value
0,0.0,20379.0
1,4.060572862625122,18091.0
2,5.163184881210327,18091.0
3,6.251288890838623,18091.0
4,7.338047027587891,18091.0
5,8.432401895523071,18091.0
6,9.633332967758179,18091.0
7,10.840297937393188,18091.0
8,11.940038919448853,18091.0
9,13.158768892288208,18091.0
10,14.254900932312012,18091.0
11,15.350605726242065,18091.0
