it,instant,local_optimum_value
0,0.0,20379.0
1,2.4108529090881348,19517.0
2,3.5509047508239746,19517.0
3,4.647950887680054,19517.0
4,5.732516765594482,19517.0
5,6.818725824356079,19517.0
6,8.014155626296997,19517.0
7,9.156828880310059,19517.0
8,12.293937921524048,18091.0
9,13.506335735321045,18091.0
10,14.72585678100586,18091.0
11,15.930235862731934,18091.0
