it,instant,local_optimum_value
0,0.0,35724.0
1,4.641564846038818,29858.0
2,6.407898902893066,29858.0
3,7.188813924789429,29858.0
4,8.057583808898926,29858.0
5,8.723374843597412,29858.0
6,9.639132022857666,29858.0
7,10.560067892074585,29858.0
8,11.231487035751343,29858.0
9,12.016567707061768,29858.0
10,12.823775053024292,29858.0
11,13.502203941345215,29858.0
12,14.28331971168518,29858.0
13,15.057276964187622,29858.0
