it,instant,local_optimum_value
0,0.0,52214.0
1,5.921782970428467,50725.0
2,9.008177042007446,50725.0
3,14.004303932189941,50725.0
4,16.98783016204834,50725.0
