it,instant,local_optimum_value
0,0.0,20379.0
1,4.765862941741943,18091.0
2,5.856280088424683,18091.0
3,7.382077932357788,18091.0
4,8.588994026184082,18091.0
5,9.800304889678955,18091.0
6,11.096657991409302,18091.0
7,12.36343502998352,18091.0
8,13.763378858566284,18091.0
9,14.997596979141235,18091.0
10,16.093692779541016,18091.0
