it,instant,local_optimum_value
0,0.0,176553.0
1,780.4221432209015,174603.0
2,857.2317531108856,174603.0
3,940.1662540435791,174603.0
4,1021.7402138710022,174548.0
5,1097.8474750518799,174548.0
6,1103.7455048561096,174548.0
7,1409.918653011322,174406.0
8,1580.6099591255188,174406.0
9,1674.7346160411835,174406.0
10,1770.8395638465881,174406.0
11,1858.2086398601532,174406.0
