it,instant,local_optimum_value
0,0.0,28934.0
1,2.6600611209869385,25693.0
2,3.338780164718628,25693.0
3,3.462372064590454,25693.0
4,9.33162808418274,25693.0
5,9.995826244354248,25693.0
6,10.887226104736328,25693.0
7,11.686378955841064,25693.0
8,12.840901136398315,25693.0
9,12.961941242218018,25693.0
10,19.256893157958984,25693.0
