it,instant,local_optimum_value
0,0.0,91140.0
1,0.1321868896484375,91140.0
2,0.25189685821533203,91140.0
3,475.53197288513184,91140.0
4,500.96019983291626,88474.0
5,501.0985848903656,88474.0
6,501.218181848526,88474.0
7,979.06560587883,88474.0
