it,instant,local_optimum_value
0,0.0,25159.0
1,3.592116117477417,21783.0
2,4.781594276428223,21783.0
3,5.930583238601685,21783.0
4,7.0200111865997314,21783.0
5,8.170538187026978,21783.0
6,9.32596206665039,21783.0
7,10.424082040786743,21783.0
8,11.405511379241943,21783.0
9,12.389851331710815,21783.0
10,13.545010089874268,21783.0
11,14.689064025878906,21783.0
12,15.831680059432983,21783.0
