it,instant,local_optimum_value
0,0.0,52300.0
1,0.8074259757995605,45600.0
2,1.164823055267334,45600.0
3,1.2807838916778564,45600.0
4,13.863231897354126,45600.0
5,15.07245397567749,45300.0
