it,instant,local_optimum_value
0,0.0,91140.0
1,0.13170719146728516,91140.0
2,0.24969220161437988,91140.0
3,516.6496620178223,91140.0
4,542.506777048111,88474.0
5,542.6536550521851,88474.0
6,542.7718372344971,88474.0
7,1021.6436650753021,88474.0
