it,instant,local_optimum_value
0,0.0,52214.0
1,13.779278039932251,47230.0
2,17.42454719543457,47230.0
