it,instant,local_optimum_value
0,0.0,25159.0
1,3.3193581104278564,21783.0
2,4.4500181674957275,21783.0
3,5.587928295135498,21783.0
4,6.719016075134277,21783.0
5,7.856539964675903,21783.0
6,9.00259017944336,21783.0
7,10.146522998809814,21783.0
8,11.297040224075317,21783.0
9,12.44070315361023,21783.0
10,13.41162395477295,21783.0
11,14.403825998306274,21783.0
12,15.389262199401855,21783.0
