it,instant,local_optimum_value
0,0.0,32474.0
1,0.5837030410766602,32474.0
2,0.7033250331878662,32474.0
3,6.8712239265441895,32474.0
4,7.221882104873657,32474.0
5,7.945934057235718,32474.0
6,8.062062978744507,32474.0
7,14.093575716018677,32474.0
8,14.556120872497559,32474.0
9,16.615421056747437,30477.0
