it,instant,local_optimum_value
0,0.0,28934.0
1,2.713259220123291,25693.0
2,3.3970203399658203,25693.0
3,4.295489072799683,25693.0
4,4.416157007217407,25693.0
5,10.08739709854126,25693.0
6,10.764011144638062,25693.0
7,11.444769144058228,25693.0
8,12.450345993041992,25693.0
9,13.387564182281494,25693.0
10,14.462902069091797,25693.0
11,14.587431192398071,25693.0
12,22.004199981689453,25693.0
