it,instant,local_optimum_value
0,0.0,40510.0
1,0.12866497039794922,40510.0
2,0.24614620208740234,40510.0
3,23.7759108543396,40510.0
