it,instant,local_optimum_value
0,0.0,42200.0
1,8.713091135025024,31800.0
2,9.65389895439148,31800.0
3,10.130693912506104,31700.0
4,11.160494089126587,31700.0
5,11.516160011291504,31700.0
6,12.542994976043701,31700.0
7,13.827431917190552,31700.0
8,14.903913021087646,31700.0
9,16.109055042266846,31700.0
