it,instant,local_optimum_value
0,0.0,91140.0
1,0.13330721855163574,91140.0
2,0.24766921997070312,91140.0
3,520.8235552310944,91140.0
4,548.1757712364197,88474.0
5,548.316347360611,88474.0
6,548.4356150627136,88474.0
7,1063.022331237793,88474.0
