it,instant,local_optimum_value
0,0.0,52214.0
1,5.003118991851807,50725.0
2,6.655004978179932,50725.0
3,7.0460920333862305,50725.0
4,11.015496969223022,50725.0
5,14.078391075134277,50725.0
6,25.418893098831177,47230.0
