it,instant,local_optimum_value
0,0.0,42200.0
1,4.082234144210815,37100.0
2,5.556024074554443,37100.0
3,7.05364203453064,37100.0
4,9.926131963729858,36500.0
5,11.244558095932007,36500.0
6,13.091552972793579,36500.0
7,14.428092956542969,36500.0
8,16.162513256072998,35700.0
