it,instant,local_optimum_value
0,0.0,71664.0
1,1.5211739540100098,69139.0
2,2.347519874572754,69139.0
3,2.835444927215576,68353.0
4,3.615128755569458,68353.0
5,5.073121786117554,68353.0
6,5.439134836196899,68353.0
7,6.230353832244873,68353.0
8,7.201341867446899,68353.0
9,7.5701727867126465,68353.0
10,8.347679853439331,68331.0
11,12.126654863357544,67097.0
12,13.553577899932861,67097.0
13,15.033601999282837,67097.0
