it,instant,local_optimum_value
0,0.0,43800.0
1,3.7835519313812256,41200.0
2,4.9338600635528564,40800.0
3,5.995820999145508,40800.0
4,7.036612033843994,40800.0
5,7.878822088241577,40800.0
6,8.675930976867676,40800.0
7,10.606799125671387,40300.0
8,11.70379376411438,40300.0
9,13.005249977111816,40300.0
10,14.409705877304077,40300.0
11,15.797720909118652,37600.0
