it,instant,local_optimum_value
0,0.0,28934.0
1,5.135766983032227,25527.0
2,6.301590919494629,25527.0
3,7.092613697052002,25527.0
4,7.886646032333374,25527.0
5,8.566119909286499,25527.0
6,9.504676818847656,25527.0
7,10.422058820724487,25527.0
8,11.603960752487183,25527.0
9,13.317813873291016,25527.0
10,13.441396951675415,25527.0
11,19.92967987060547,25527.0
