it,instant,local_optimum_value
0,0.0,37800.0
1,2.679590940475464,33500.0
2,4.104840993881226,33500.0
3,4.632701873779297,33500.0
4,5.198941946029663,33500.0
5,6.748116970062256,33500.0
6,7.960001707077026,33500.0
7,8.824299812316895,33500.0
8,9.206968784332275,33500.0
9,9.65215015411377,33500.0
10,10.483356952667236,33500.0
11,11.450546979904175,33500.0
12,12.718829870223999,33500.0
13,13.825514078140259,33500.0
14,14.855808973312378,33500.0
15,16.089828968048096,33500.0
