it,instant,local_optimum_value
0,0.0,42200.0
1,8.541879177093506,34900.0
2,9.379225254058838,34500.0
3,10.580393314361572,34500.0
4,11.578036308288574,34500.0
5,12.918763160705566,34500.0
6,13.711013317108154,34500.0
7,14.76977825164795,34500.0
8,15.59779143333435,34500.0
