it,instant,local_optimum_value
0,0.0,25159.0
1,3.594510078430176,21783.0
2,4.715153932571411,21783.0
3,5.84390115737915,21783.0
4,6.975543260574341,21783.0
5,8.111692190170288,21783.0
6,9.264495134353638,21783.0
7,10.406947135925293,21783.0
8,11.39569902420044,21783.0
9,12.375175952911377,21783.0
10,13.517076015472412,21783.0
11,14.651194334030151,21783.0
12,15.790816068649292,21783.0
