it,instant,local_optimum_value
0,0.0,91140.0
1,0.1356351375579834,91140.0
2,0.24781513214111328,91140.0
3,482.5245888233185,91140.0
4,508.07437920570374,88474.0
5,508.2143278121948,88474.0
6,508.32855892181396,88474.0
7,990.729719877243,88474.0
