it,instant,local_optimum_value
0,0.0,91140.0
1,0.1356678009033203,91140.0
2,0.2522130012512207,91140.0
3,476.3809378147125,91140.0
4,501.9907577037811,88474.0
5,502.1284546852112,88474.0
6,502.2522668838501,88474.0
7,980.3533229827881,88474.0
