it,instant,local_optimum_value
0,0.0,49843.0
1,2.1347548961639404,47063.0
2,2.264251947402954,47063.0
3,2.3895349502563477,47063.0
4,16.191698789596558,47063.0
