it,instant,local_optimum_value
0,0.0,28934.0
1,4.822584867477417,25165.0
2,5.621924877166748,25165.0
3,6.652007818222046,25165.0
4,6.7763426303863525,25165.0
5,13.175521612167358,25165.0
6,13.942441940307617,25165.0
7,15.034247875213623,25165.0
