it,instant,local_optimum_value
0,0.0,52214.0
1,2.859729051589966,51113.0
2,4.507962942123413,51113.0
3,4.886312961578369,51113.0
4,6.698144197463989,51113.0
5,7.184694051742554,51113.0
6,162.12588095664978,51113.0
