it,instant,local_optimum_value
0,0.0,71664.0
1,4.214277982711792,68451.0
2,4.907596826553345,68451.0
3,5.646485805511475,68451.0
4,5.8860108852386475,67665.0
5,6.682560205459595,67665.0
6,7.047306060791016,67665.0
7,7.873983144760132,67665.0
8,9.117181062698364,67278.0
9,9.908071994781494,67278.0
10,10.273558855056763,67278.0
11,11.097023010253906,67278.0
12,12.593662977218628,67278.0
13,13.272040128707886,67278.0
14,14.09282898902893,66964.0
15,15.686065912246704,66964.0
