it,instant,local_optimum_value
0,0.0,25159.0
1,5.497573137283325,21783.0
2,7.353060960769653,21783.0
3,8.506957054138184,21783.0
4,9.640192031860352,21783.0
5,10.782061100006104,21783.0
6,11.999497890472412,21783.0
7,13.137901067733765,21783.0
8,14.125185012817383,21783.0
9,15.273363828659058,21783.0
