it,instant,local_optimum_value
0,0.0,91140.0
1,0.13045287132263184,91140.0
2,0.24950385093688965,91140.0
3,476.9112358093262,91140.0
4,502.3424198627472,88474.0
5,502.48228192329407,88474.0
6,502.6050560474396,88474.0
7,980.2068269252777,88474.0
