it,instant,local_optimum_value
0,0.0,25159.0
1,3.480095863342285,21783.0
2,4.937525033950806,21783.0
3,6.379742860794067,21783.0
4,7.917634010314941,21783.0
5,9.088976860046387,21783.0
6,10.28507685661316,21783.0
7,11.499728918075562,21783.0
8,12.580729722976685,21783.0
9,13.7413649559021,21783.0
10,14.71699571609497,21783.0
11,15.95847773551941,21783.0
