it,instant,local_optimum_value
0,0.0,49843.0
1,2.0108869075775146,47094.0
2,2.1342391967773438,47094.0
3,2.252054214477539,47094.0
4,13.51380205154419,47094.0
5,14.172386884689331,47094.0
6,14.291828155517578,47094.0
7,14.409804105758667,47094.0
8,25.529203176498413,47094.0
