it,instant,local_optimum_value
0,0.0,48983.0
1,13.542430877685547,43775.0
2,20.347625017166138,43140.0
