it,instant,local_optimum_value
0,0.0,20379.0
1,5.937701940536499,18091.0
2,7.154567003250122,18091.0
3,8.273261070251465,18091.0
4,9.372432947158813,18091.0
5,10.46786904335022,18091.0
6,11.57160496711731,18091.0
7,12.673703908920288,18091.0
8,13.896574974060059,18091.0
9,14.9932701587677,18091.0
10,16.084947109222412,18091.0
