it,instant,local_optimum_value
0,0.0,43800.0
1,3.4276509284973145,41200.0
2,4.554956912994385,41200.0
3,6.803656816482544,41100.0
4,7.173059940338135,41100.0
5,7.763979911804199,41100.0
6,8.11960482597351,41100.0
7,8.577301979064941,41100.0
8,9.597202777862549,37900.0
9,10.544109106063843,37000.0
10,11.547828912734985,37000.0
11,12.362890005111694,37000.0
12,13.26026701927185,37000.0
13,14.058058977127075,37000.0
14,15.432744979858398,37000.0
