it,instant,local_optimum_value
0,0.0,176553.0
1,126.14642786979675,175499.0
2,140.39757704734802,175499.0
3,150.22886204719543,175499.0
4,168.74477100372314,174733.0
5,806.0282869338989,169648.0
6,843.1813728809357,169648.0
7,905.3574118614197,169648.0
8,906.4033539295197,169648.0
9,3592.7352080345154,169648.0
