it,instant,local_optimum_value
0,0.0,25159.0
1,3.25687313079834,21783.0
2,4.3941240310668945,21783.0
3,5.5290069580078125,21783.0
4,6.658310890197754,21783.0
5,7.788388967514038,21783.0
6,8.923977136611938,21783.0
7,10.022794008255005,21783.0
8,11.16853404045105,21783.0
9,12.29869794845581,21783.0
10,13.27430510520935,21783.0
11,14.262135028839111,21783.0
12,15.244750261306763,21783.0
