it,instant,local_optimum_value
0,0.0,40510.0
1,0.12937378883361816,40510.0
2,0.26322364807128906,40510.0
3,24.227455854415894,40510.0
