it,instant,local_optimum_value
0,0.0,20379.0
1,2.073960304260254,19517.0
2,4.044087171554565,19517.0
3,5.254201173782349,19517.0
4,5.804232358932495,19517.0
5,5.927732229232788,19517.0
6,13.735021114349365,19517.0
7,14.633897304534912,19517.0
8,15.767139196395874,19517.0
