it,instant,local_optimum_value
0,0.0,43800.0
1,3.8932411670684814,41200.0
2,6.855701923370361,41200.0
3,7.244084358215332,41200.0
4,11.440670251846313,40700.0
5,14.339155197143555,40700.0
6,16.628151178359985,40700.0
