it,instant,local_optimum_value
0,0.0,71664.0
1,1.629122018814087,70439.0
2,2.456666946411133,70439.0
3,3.593874931335449,70439.0
4,6.3043529987335205,68602.0
5,7.373891115188599,68602.0
6,11.534085750579834,65725.0
7,13.052462100982666,65725.0
8,13.524436950683594,65725.0
9,14.28450894355774,65725.0
10,14.653631925582886,65725.0
11,16.152981996536255,65725.0
