it,instant,local_optimum_value
0,0.0,43800.0
1,5.569766044616699,41100.0
2,11.86418104171753,37300.0
3,13.667020082473755,37300.0
4,15.639928102493286,37300.0
