it,instant,local_optimum_value
0,0.0,37800.0
1,3.2160940170288086,33500.0
2,4.441357135772705,33500.0
3,5.504418134689331,33500.0
4,5.994140148162842,33500.0
5,6.446449041366577,33500.0
6,7.414477109909058,33500.0
7,8.161602020263672,33500.0
8,9.234843254089355,33500.0
9,10.296853065490723,33500.0
10,11.75885796546936,33500.0
11,12.731167078018188,33500.0
12,13.589307069778442,33500.0
13,14.660605907440186,33500.0
14,15.860136032104492,33500.0
