it,instant,local_optimum_value
0,0.0,43800.0
1,3.192073106765747,41200.0
2,4.709866046905518,41200.0
3,6.549315929412842,40700.0
4,8.876972913742065,40300.0
5,12.283632040023804,40300.0
6,12.64833378791809,40300.0
7,13.647875785827637,40300.0
8,15.771039962768555,40300.0
