it,instant,local_optimum_value
0,0.0,25159.0
1,3.2363710403442383,21783.0
2,4.705451965332031,21705.0
3,5.790205001831055,21705.0
4,6.994748115539551,21705.0
5,8.152410984039307,21705.0
6,9.23232913017273,21705.0
7,10.378007888793945,21705.0
8,11.519017219543457,21705.0
9,12.507666110992432,21705.0
10,13.663192987442017,21705.0
11,14.81172800064087,21705.0
12,15.947423219680786,21705.0
