it,instant,local_optimum_value
0,0.0,37800.0
1,2.9595561027526855,33500.0
2,4.584511041641235,33500.0
3,5.356389999389648,33500.0
4,5.745240926742554,33500.0
5,6.169538974761963,33500.0
6,7.170473098754883,33500.0
7,8.694795846939087,33500.0
8,9.202396154403687,33500.0
9,9.812327146530151,33500.0
10,10.625898122787476,33500.0
11,11.380650997161865,33500.0
12,13.000745058059692,33500.0
13,14.121425151824951,33500.0
14,15.847453117370605,33500.0
