it,instant,local_optimum_value
0,0.0,52214.0
1,4.733124017715454,50725.0
2,24.000854015350342,47908.0
