it,instant,local_optimum_value
0,0.0,25159.0
1,3.627603054046631,21783.0
2,4.763197898864746,21783.0
3,5.9125940799713135,21783.0
4,7.2562761306762695,21783.0
5,8.335577964782715,21783.0
6,9.497085094451904,21783.0
7,10.641559839248657,21783.0
8,11.629611015319824,21783.0
9,12.62432599067688,21783.0
10,14.092152833938599,21705.0
11,15.228779077529907,21705.0
