it,instant,local_optimum_value
0,0.0,20379.0
1,2.3071770668029785,19517.0
2,3.6192638874053955,19517.0
3,4.707396984100342,19517.0
4,5.805957794189453,19517.0
5,6.955347061157227,19517.0
6,8.101735830307007,19517.0
7,9.415161848068237,19517.0
8,10.731200933456421,19517.0
9,11.829951047897339,19517.0
10,12.928468942642212,19517.0
11,14.036103010177612,19517.0
12,15.178786993026733,19517.0
