it,instant,local_optimum_value
0,0.0,35724.0
1,2.9863088130950928,29858.0
2,3.9714550971984863,29858.0
3,4.752535820007324,29858.0
4,5.524395942687988,29858.0
5,6.192870855331421,29858.0
6,6.967474937438965,29858.0
7,9.53156590461731,29858.0
8,11.96551513671875,29858.0
9,13.651197910308838,29858.0
10,14.442332029342651,29858.0
11,15.113336086273193,29858.0
