it,instant,local_optimum_value
0,0.0,25159.0
1,3.5914628505706787,21783.0
2,4.723374843597412,21783.0
3,5.81447696685791,21783.0
4,6.953486919403076,21783.0
5,8.086724758148193,21783.0
6,9.21389889717102,21783.0
7,10.342516899108887,21783.0
8,11.375281810760498,21783.0
9,12.509492874145508,21783.0
10,13.655687808990479,21783.0
11,14.788182020187378,21783.0
12,15.820145845413208,21783.0
