it,instant,local_optimum_value
0,0.0,40510.0
1,0.12906289100646973,40510.0
2,0.24457478523254395,40510.0
3,26.226045846939087,40510.0
