it,instant,local_optimum_value
0,0.0,71664.0
1,2.0903618335723877,69788.0
2,3.1019070148468018,69788.0
3,3.3464930057525635,69566.0
4,4.49902081489563,69566.0
5,4.863215923309326,69566.0
6,7.939333915710449,68122.0
7,9.341274976730347,68122.0
8,11.716348886489868,68122.0
9,12.19110894203186,68122.0
10,13.555491924285889,68122.0
11,15.054250001907349,68122.0
