it,instant,local_optimum_value
0,0.0,20379.0
1,3.5415940284729004,19517.0
2,4.629811763763428,19517.0
3,5.786731958389282,19517.0
4,6.8716559410095215,19517.0
5,8.008781909942627,19517.0
6,9.006999969482422,19517.0
7,10.164283990859985,19517.0
8,11.364248991012573,19517.0
9,12.950652837753296,19517.0
10,14.04613995552063,19517.0
11,15.191401958465576,19517.0
