it,instant,local_optimum_value
0,0.0,40510.0
1,0.12127113342285156,40510.0
2,0.23856306076049805,40510.0
3,23.92771005630493,40510.0
