it,instant,local_optimum_value
0,0.0,91140.0
1,0.13605713844299316,91140.0
2,0.25910091400146484,91140.0
3,478.1383090019226,91140.0
4,503.7556722164154,88474.0
5,503.89455914497375,88474.0
6,504.01697421073914,88474.0
7,992.9928159713745,88474.0
