it,instant,local_optimum_value
0,0.0,176553.0
1,987.2451348304749,173277.0
2,1053.7447679042816,173277.0
3,1056.0077378749847,173277.0
4,1118.7283668518066,173277.0
5,1121.5087208747864,173277.0
6,6727.767723798752,173277.0
