it,instant,local_optimum_value
0,0.0,40510.0
1,0.1253650188446045,40510.0
2,0.24077701568603516,40510.0
3,26.33787512779236,40510.0
