it,instant,local_optimum_value
0,0.0,43800.0
1,3.1412999629974365,41600.0
2,4.831970930099487,41100.0
3,5.979807138442993,41100.0
4,7.269438982009888,37900.0
5,10.124783039093018,37900.0
6,10.728267192840576,36800.0
7,12.547868013381958,36800.0
8,13.252016067504883,36800.0
9,15.266119956970215,36700.0
