it,instant,local_optimum_value
0,0.0,91140.0
1,0.13289093971252441,91140.0
2,0.25281286239624023,91140.0
3,606.9094231128693,91140.0
