it,instant,local_optimum_value
0,0.0,28934.0
1,2.2498509883880615,25693.0
2,2.9334068298339844,25693.0
3,3.7259528636932373,25693.0
4,3.848235845565796,25693.0
5,10.324933052062988,25693.0
6,10.980300903320312,25693.0
7,12.015970945358276,25693.0
8,12.142968893051147,25693.0
9,18.71843981742859,25693.0
