it,instant,local_optimum_value
0,0.0,49843.0
1,0.6825051307678223,49347.0
2,0.8058061599731445,49347.0
3,0.9231059551239014,49347.0
4,12.188229084014893,49347.0
5,12.85066533088684,49347.0
6,12.969364166259766,49347.0
7,13.087167978286743,49347.0
8,24.642174243927002,49347.0
