it,instant,local_optimum_value
0,0.0,176553.0
1,5.6095380783081055,176553.0
2,7.326085090637207,176553.0
3,1018.1578421592712,170113.0
4,1072.3453059196472,170113.0
5,1075.205146074295,170113.0
6,6615.395957946777,170113.0
