it,instant,local_optimum_value
0,0.0,20379.0
1,4.321797132492065,18091.0
2,5.676535129547119,18091.0
3,7.021474123001099,18091.0
4,8.21163821220398,18091.0
5,9.4135103225708,18091.0
6,10.718103170394897,18091.0
7,11.960216045379639,18091.0
8,13.189671277999878,18091.0
9,14.488872289657593,18091.0
10,15.69333028793335,18091.0
