it,instant,local_optimum_value
0,0.0,20379.0
1,4.295680999755859,18091.0
2,5.387250900268555,18091.0
3,6.489727973937988,18091.0
4,7.58171010017395,18091.0
5,8.682707786560059,18091.0
6,9.882670640945435,18091.0
7,10.976538896560669,18091.0
8,12.068538665771484,18091.0
9,13.169465780258179,18091.0
10,14.26829481124878,18091.0
11,15.36863899230957,18091.0
