it,instant,local_optimum_value
0,0.0,49843.0
1,1.984071969985962,47063.0
2,2.1047539710998535,47063.0
3,2.218533992767334,47063.0
4,14.099857091903687,47063.0
5,14.76431393623352,47063.0
6,14.885663032531738,47063.0
7,14.998667001724243,47063.0
8,26.5407292842865,47063.0
