it,instant,local_optimum_value
0,0.0,49843.0
1,1.5883910655975342,47537.0
2,2.685421943664551,47537.0
3,3.425692081451416,47094.0
4,3.54620099067688,47094.0
5,3.6615800857543945,47094.0
6,15.155948162078857,47094.0
