it,instant,local_optimum_value
0,0.0,43800.0
1,3.578437089920044,41200.0
2,4.767980098724365,41200.0
3,6.240048885345459,41200.0
4,7.312150001525879,41200.0
5,8.922776222229004,41200.0
6,10.944029092788696,40700.0
7,12.929945230484009,40700.0
8,13.304526090621948,40700.0
9,15.025949001312256,40700.0
