it,instant,local_optimum_value
0,0.0,52214.0
1,5.741288900375366,50725.0
2,8.577348947525024,50725.0
3,11.35638689994812,50725.0
4,13.260631799697876,50725.0
5,16.134541749954224,50725.0
