it,instant,local_optimum_value
0,0.0,176553.0
1,2.0204050540924072,176553.0
2,971.7707803249359,171941.0
3,1035.4083750247955,171941.0
4,1098.0791170597076,171941.0
5,1161.754895210266,171941.0
6,1223.1151151657104,171941.0
7,1298.828539133072,171941.0
8,1361.3188121318817,171941.0
9,1428.9742550849915,171941.0
10,1518.1018481254578,171941.0
11,1520.84912109375,171941.0
12,4162.639712095261,171941.0
