it,instant,local_optimum_value
0,0.0,176553.0
1,11.870069980621338,176175.0
2,23.96926212310791,176175.0
3,43.27513027191162,176175.0
4,227.8268392086029,174481.0
5,481.9390172958374,173225.0
6,513.919361114502,173225.0
7,514.8754060268402,173225.0
8,3117.775015115738,173225.0
