it,instant,local_optimum_value
0,0.0,35724.0
1,5.630671739578247,29858.0
2,6.4180498123168945,29858.0
3,7.191779851913452,29858.0
4,7.8632447719573975,29858.0
5,8.637627840042114,29858.0
6,9.417973041534424,29858.0
7,10.089580059051514,29858.0
8,10.864491939544678,29858.0
9,11.749140977859497,29858.0
10,12.529650926589966,29858.0
11,14.611908912658691,29858.0
12,17.277511835098267,29858.0
