it,instant,local_optimum_value
0,0.0,25159.0
1,3.4167709350585938,21783.0
2,4.563854932785034,21783.0
3,5.6541290283203125,21783.0
4,7.1225669384002686,21705.0
5,8.252475023269653,21705.0
6,9.386482954025269,21705.0
7,10.52292799949646,21705.0
8,11.508389949798584,21705.0
9,12.485850811004639,21705.0
10,13.626885890960693,21705.0
11,14.772718906402588,21705.0
12,15.91381311416626,21705.0
