it,instant,local_optimum_value
0,0.0,52214.0
1,6.273181915283203,50725.0
2,10.629371881484985,50725.0
3,13.703176021575928,50725.0
4,16.558076858520508,50191.0
