it,instant,local_optimum_value
0,0.0,25159.0
1,2.8799519538879395,22902.0
2,3.6473910808563232,22902.0
3,4.423256158828735,22902.0
4,5.203310012817383,22902.0
5,6.096260070800781,22902.0
6,6.7678070068359375,22902.0
7,7.773210048675537,22902.0
8,8.553277015686035,22902.0
9,9.342897891998291,22902.0
10,10.22194504737854,22902.0
11,11.116855144500732,22843.0
12,12.147226810455322,22843.0
13,13.148111820220947,22843.0
14,14.157084941864014,22843.0
15,15.271586179733276,22843.0
