it,instant,local_optimum_value
0,0.0,28934.0
1,2.5610203742980957,25693.0
2,3.3466861248016357,25693.0
3,4.983158111572266,25202.0
4,5.563691139221191,25202.0
5,6.141814231872559,25202.0
6,6.95251202583313,25202.0
7,7.075008153915405,25202.0
8,13.884335279464722,25202.0
9,14.551164388656616,25202.0
10,15.040562391281128,25202.0
