it,instant,local_optimum_value
0,0.0,40510.0
1,0.12349104881286621,40510.0
2,0.23829889297485352,40510.0
3,25.891528844833374,40510.0
