it,instant,local_optimum_value
0,0.0,20379.0
1,2.2606699466705322,19517.0
2,3.5986099243164062,19517.0
3,5.278787851333618,19517.0
4,6.162283897399902,19517.0
5,7.253056764602661,19517.0
6,8.403839111328125,19517.0
7,9.558027744293213,19517.0
8,10.691054821014404,19517.0
9,11.846884965896606,19517.0
10,12.873682022094727,19517.0
11,14.015691757202148,19517.0
12,15.152642726898193,19517.0
