it,instant,local_optimum_value
0,0.0,20379.0
1,2.6385107040405273,19517.0
2,4.000250816345215,19517.0
3,4.992812871932983,19517.0
4,6.0811378955841064,19517.0
5,7.0721447467803955,19517.0
6,8.209353923797607,19517.0
7,9.417834997177124,19517.0
8,10.510619878768921,19517.0
9,11.618660688400269,19517.0
10,12.753162860870361,19517.0
11,13.320087909698486,19517.0
12,13.43996286392212,19517.0
13,20.399970054626465,19517.0
