it,instant,local_optimum_value
0,0.0,91140.0
1,0.13946223258972168,91140.0
2,0.2589592933654785,91140.0
3,481.1992402076721,91140.0
4,506.84521222114563,88474.0
5,506.9879560470581,88474.0
6,507.10824823379517,88474.0
7,989.4913673400879,88474.0
