it,instant,local_optimum_value
0,0.0,20379.0
1,4.404809951782227,18091.0
2,5.488559246063232,18091.0
3,6.581808090209961,18091.0
4,7.766625165939331,18091.0
5,8.853366136550903,18091.0
6,10.150068044662476,18091.0
7,11.243369102478027,18091.0
8,12.453617095947266,18091.0
9,13.531965017318726,18091.0
10,14.726876258850098,18091.0
11,15.811635971069336,18091.0
