it,instant,local_optimum_value
0,0.0,25159.0
1,4.205471992492676,21783.0
2,5.335226774215698,21783.0
3,6.479063034057617,21783.0
4,7.607372045516968,21783.0
5,8.946162939071655,21783.0
6,10.407865762710571,21705.0
7,11.542641878128052,21705.0
8,12.682946920394897,21705.0
9,13.665443897247314,21705.0
10,14.801039934158325,21705.0
11,15.930055856704712,21705.0
