it,instant,local_optimum_value
0,0.0,20379.0
1,3.8455240726470947,18091.0
2,4.935826063156128,18091.0
3,6.030980110168457,18091.0
4,7.115020990371704,18091.0
5,8.328934907913208,18091.0
6,9.44215202331543,18091.0
7,10.64841914176941,18091.0
8,11.87768292427063,18091.0
9,13.073721170425415,18091.0
10,14.297343969345093,18091.0
11,15.419197082519531,18091.0
