it,instant,local_optimum_value
0,0.0,20379.0
1,2.635268211364746,19517.0
2,3.7104060649871826,19517.0
3,4.847350120544434,19517.0
4,5.291389226913452,19517.0
5,5.411704063415527,19517.0
6,12.466397285461426,19517.0
7,13.342410326004028,19517.0
8,14.480860233306885,19517.0
9,15.656759023666382,19517.0
