it,instant,local_optimum_value
0,0.0,40510.0
1,0.12635397911071777,40510.0
2,0.24353575706481934,40510.0
3,28.244062900543213,40510.0
