it,instant,local_optimum_value
0,0.0,40510.0
1,0.12649297714233398,40510.0
2,0.24205684661865234,40510.0
3,23.324155807495117,40510.0
