it,instant,local_optimum_value
0,0.0,43800.0
1,3.797757863998413,41200.0
2,5.073299884796143,41200.0
3,6.835146903991699,38000.0
4,8.872534990310669,38000.0
5,10.324678897857666,38000.0
6,11.797435998916626,38000.0
7,11.934431076049805,38000.0
8,22.16902494430542,38000.0
