it,instant,local_optimum_value
0,0.0,20379.0
1,4.058231830596924,18091.0
2,5.155186891555786,18091.0
3,6.239919900894165,18091.0
4,7.3121068477630615,18091.0
5,8.400604963302612,18091.0
6,9.609568119049072,18091.0
7,10.705123901367188,18091.0
8,11.78966474533081,18091.0
9,12.883035898208618,18091.0
10,13.970136880874634,18091.0
11,15.06105089187622,18091.0
