it,instant,local_optimum_value
0,0.0,28934.0
1,4.289658784866333,25253.0
2,5.559057712554932,25253.0
3,6.376803636550903,25253.0
4,7.3147666454315186,25253.0
5,8.706715822219849,24736.0
6,9.756455898284912,24736.0
7,10.904152631759644,24736.0
8,11.961394786834717,24736.0
9,12.97213888168335,24736.0
10,14.095723867416382,24736.0
11,15.216363906860352,24736.0
