it,instant,local_optimum_value
0,0.0,42200.0
1,8.632624864578247,34900.0
2,10.717949867248535,31800.0
3,12.061902046203613,31800.0
4,13.263312816619873,31800.0
5,14.26491117477417,31800.0
6,15.445544004440308,31800.0
