it,instant,local_optimum_value
0,0.0,28934.0
1,2.835827112197876,25750.0
2,3.5106701850891113,25750.0
3,4.398267984390259,25750.0
4,5.082650899887085,25750.0
5,5.755790948867798,25750.0
6,6.440773010253906,25750.0
7,7.380452871322632,25750.0
8,8.508816003799438,25750.0
9,8.642266988754272,25750.0
10,16.5796959400177,25750.0
