it,instant,local_optimum_value
0,0.0,25159.0
1,3.335209846496582,21783.0
2,4.488466739654541,21783.0
3,7.077986001968384,21705.0
4,8.247458934783936,21705.0
5,9.382786989212036,21705.0
6,10.521477937698364,21705.0
7,11.662671089172363,21705.0
8,12.799644947052002,21705.0
9,13.93773889541626,21705.0
10,14.92815089225769,21705.0
11,16.2963387966156,21705.0
