it,instant,local_optimum_value
0,0.0,42200.0
1,8.996385097503662,34800.0
2,11.505238056182861,34800.0
3,13.433296918869019,34800.0
4,15.160726070404053,34800.0
