it,instant,local_optimum_value
0,0.0,40510.0
1,0.131882905960083,40510.0
2,0.2466130256652832,40510.0
3,23.401741981506348,40510.0
