it,instant,local_optimum_value
0,0.0,42200.0
1,8.653970003128052,34900.0
2,9.51555609703064,34900.0
3,11.939598798751831,34400.0
4,12.856013059616089,34400.0
5,13.686972856521606,34400.0
6,14.62925386428833,34400.0
7,14.975541114807129,34400.0
8,15.452140092849731,34300.0
