it,instant,local_optimum_value
0,0.0,25159.0
1,3.4936940670013428,21783.0
2,4.608172178268433,21783.0
3,5.737821340560913,21783.0
4,6.86785626411438,21783.0
5,7.99251914024353,21783.0
6,9.076527118682861,21783.0
7,10.171451091766357,21783.0
8,11.155082941055298,21783.0
9,12.245665073394775,21783.0
10,13.381344079971313,21783.0
11,14.546914100646973,21783.0
12,15.742845296859741,21783.0
